artifact_name,artifact_link,artifact_studies,artifact_maturity,artifact_type,artificat_evidence_level,artifact_input,artifact_level_automation,artifact_vendor,artifact_n_studies,artifact_license
A-CMA,"https://github.com/eknkc/a-cma
https://github.com/mmohan01/a-cma
https://hrahmadi71.github.io/a-cma/","['85', '445']","{'Proof-of-concept': ['85', '445']}","{'Tool': ['85', '445']}","{'Examples': ['85'], 'Academic Studies': ['445']}","{'Source Code': ['85', '445']}","{'It automates a process': ['85', '445']}",['445'],2,"{'Open Source': ['85', '445']}"
A-CMA DQN,https://hrahmadi71.github.io/a-cma/,['445'],{'Proof-of-concept': ['445']},{'Tool': ['445']},{'Academic Studies': ['445']},{'Source Code': ['445']},{'It automates a process': ['445']},['445'],1,{'Open Source': ['445']}
ADACONTROL,https://www.adalog.fr/en/adacontrol.html,['Zengyang-S14'],{'Validation in relevant environment': ['Zengyang-S14']},{'Tool': ['Zengyang-S14']},{'Industrial Studies': ['Zengyang-S14']},{'Source Code': ['Zengyang-S14']},{'It automates a task': ['Zengyang-S14']},[],1,{'Open Source': ['Zengyang-S14']}
AI REVIEWER,http://www.aireviewer.com,['349'],{'Proof-of-concept': ['349']},{'Tool': ['349']},{'Academic Studies': ['349']},{'Source Code': ['349']},{'It automates a task': ['349']},[],1,{'Various': ['349']}
ANACONDEBT,https://ericsson.anacondebt.com/,"['123', '334']","{'Demonstration in real environment': ['123'], None: ['334']}","{None: ['123', '334']}","{'Industrial Studies': ['123'], None: ['334']}","{'User Input': ['123'], None: ['334']}","{'It automates a task (e.g., static code analysis)': ['123'], None: ['334']}",['123'],2,"{'Needs an authorization': ['123'], None: ['334']}"
APACHE JMETER,http://jmeter.apache.org/,['67'],{'Runnig Examples': ['67']},{'Tool': ['67']},{'Examples': ['67']},"{'Source Code\r\nExecutition Data (E.g., memory usage)': ['67']}",{'It automates a task': ['67']},[],1,{'Free': ['67']}
ARCADE,Not Accessible,['349'],{'Proof-of-concept': ['349']},{'Tool': ['349']},{'Academic Studies': ['349']},{'Source Code': ['349']},{'It automates a task': ['349']},[],1,{'Various': ['349']}
ARCAN,https://gitlab.com/essere.lab.public/arcan,"['158', '237', '271', '353', '250', '184', '398', '414', '200', '229', '349', '350']","{'Proof-of-concept': ['158', '237', '353', '250', '184', '398', '414', '200', '229', '349', '350'], 'Runnig Examples': ['271']}","{'Tool': ['158', '237', '353', '250', '184', '414', '349', '350'], 'Approach (e.g., integration of different tools)': ['271', '398', '200'], 'Plugin': ['229']}","{'Expert Opinion': ['158', '250'], 'Examples': ['237', '271', '353'], 'Academic Studies': ['184', '398', '414', '200', '229', '349', '350']}","{'Source Code': ['158', '237', '271', '250', '184', '398', '414', '229', '349', '350'], 'Source code': ['353'], None: ['200']}","{'It automates a task (e.g., static code analysis)': ['158', '237', '271'], 'It automates a task': ['353', '250', '184', '398', '229', '349', '350'], 'It automates a process': ['414', '200']}","['200', '229']",12,"{'Free': ['158', '237', '271', '353', '250', '184', '398'], 'Open Source': ['414', '200', '229', '350'], 'Various': ['349']}"
ARCAN FOR C/C++,https://essere.disco.unimib.it/wiki/arcan/,['186'],{'Proof-of-concept': ['186']},{'Tool': ['186']},{'Examples': ['186']},{'Source Code': ['186']},"{'It automates a task (e.g., static code analysis)': ['186']}",['186'],1,{'Free': ['186']}
ARCHINAUT,http://software-archinaut.com/,['340'],{None: ['340']},{None: ['340']},{None: ['340']},{None: ['340']},{None: ['340']},[],1,{None: ['340']}
ASTRACKER,https://github.com/darius-sas/astracker,['200'],{'Proof-of-concept': ['200']},"{'Approach (e.g., integration of different tools)': ['200']}",{'Academic Studies': ['200']},{None: ['200']},{'It automates a process': ['200']},['200'],1,{'Open Source': ['200']}
ATDX,"https://github.com/S2-group/ATDx_replication_package
https://github.com/ATDindeX/ATDx","['433', '299']","{None: ['433'], 'Proof-of-concept': ['299']}","{'Approach (e.g., integration of different tools)': ['433', '299']}","{None: ['433'], 'Academic Studies': ['299']}","{'Source Code': ['433'], 'Data generated by other tools (e.g., Sonarqub)': ['299']}","{'It automates a process': ['433', '299']}","['433', '299']",2,"{'Open Source': ['433', '299']}"
ATDX:,https://github.com/S2-group/ATDx,['384'],{'Runnig Examples': ['384']},{'Plugin': ['384']},{'Examples': ['384']},{'Source Code': ['384']},"{'It automates a process (e.g., calculate the TD interest)': ['384']}",['384'],1,{'Open Source': ['384']}
AUTO-SKLEARN,https://automl.github.io/auto-sklearn/master/,"['217', '240', '319']","{'Runnig Examples': ['217', '240'], 'Proof-of-concept': ['319']}","{'Approach (e.g., integration of different tools)': ['217', '240', '319']}","{'Examples': ['217', '240'], 'Academic Studies': ['319']}","{'Code Comments': ['217', '240', '319']}","{'It automates a task (e.g., static code analysis)': ['217', '240'], 'It automates a task': ['319']}","['217', '240', '319']",3,"{'Open Source': ['217', '240', '319']}"
BETTERCODEHUB,https://bettercodehub.com,['248'],{'Proof-of-concept': ['248']},{'Tool': ['248']},{'Academic Studies': ['248']},{'Source Code': ['248']},{'It automates a task': ['248']},[],1,{'Open Source': ['248']}
CAST,http://www.castsoftware.com/,"['88', '184', '334', '348', 'Zengyang-S17', 'Zengyang-S16']","{'Proof-of-concept': ['88', '184'], None: ['334', '348'], 'Demonstration in real environment': ['Zengyang-S17', 'Zengyang-S16']}","{'Tool': ['88', '184', 'Zengyang-S17', 'Zengyang-S16'], None: ['334', '348']}","{'Expert Opinion': ['88'], 'Academic Studies': ['184'], None: ['334', '348'], 'Industrial Studies': ['Zengyang-S17', 'Zengyang-S16']}","{'Source Code': ['88', '184', 'Zengyang-S17', 'Zengyang-S16'], None: ['334', '348']}","{'It automates a task (e.g., static code analysis)': ['88'], 'It automates a task': ['184', 'Zengyang-S17', 'Zengyang-S16'], None: ['334', '348']}",[],6,"{'SonarQube is open source, other commercial.': ['88'], 'Free': ['184'], None: ['334', '348'], 'Commercial/Private': ['Zengyang-S17', 'Zengyang-S16']}"
CAST SOFTWARE,https://www.castsoftware.com/,['289'],{'Proof-of-concept': ['289']},{'Tool': ['289']},{'Academic Studies': ['289']},{'Source Code': ['289']},{'It automates a process': ['289']},[],1,{'Free': ['289']}
CBR INSIGHT,https://github.com/StottlerHenke,"['136', '205']","{'Proof-of-concept': ['136'], 'Validation in relevant environment': ['205']}","{'Plugin': ['136'], 'Tool': ['205']}","{'Examples': ['136'], 'Industrial Studies': ['205']}","{'Source Code': ['136'], 'Source code': ['205']}","{'It automates a task': ['136', '205']}","['136', '205']",2,"{'Open Source': ['136', '205']}"
CHECKSTYLE,http://checkstyle.sourceforge.net/checks.html,"['133', '281', '290', '329', '332', '57', '4', 'Zengyang-S83']","{'Runnig Examples': ['133'], 'Proof-of-concept': ['281', '290', '329'], 'Demonstration in real environment': ['332', 'Zengyang-S83'], 'Demonstration and test in real environment': ['57'], 'Successfully proof in a real environment': ['4']}","{'Tool': ['133', '290', '329', '332', '57', '4', 'Zengyang-S83'], 'Plugin': ['281']}","{'Examples': ['133'], 'Academic Studies': ['281', '290', '329'], 'Industrial Studies': ['332', '57', 'Zengyang-S83'], 'Industrial Applications': ['4']}","{'Source Code': ['133', '281', '332', '57', '4', 'Zengyang-S83'], 'Source Code\r\nCode Reviews': ['290'], 'Souce Code\r\nMDD Models': ['329']}","{'It automates a task': ['133', '281', '290', '329', '332', '4'], 'It automates a process': ['57', 'Zengyang-S83']}",['332'],8,"{'Open Source': ['133', '290', '329'], 'Free': ['281', '332', '57', '4', 'Zengyang-S83']}"
CK,https://github.com/mauricioaniche/ck,"['310', '166']","{'Proof-of-concept': ['310', '166']}","{'Tool': ['310', '166']}","{'Academic Studies': ['310', '166']}","{'Source code': ['310'], 'Source Code': ['166']}","{'It automates a process': ['310'], 'It automates a task': ['166']}",[],2,"{'Open Source': ['310', '166']}"
CK [26],https://github.com/mauricioaniche/ck,['387'],{'Proof-of-concept': ['387']},"{'Approach (e.g., integration of different tools)': ['387']}",{'Academic Studies': ['387']},{'Source Code\r\nGit Metadata\r\nCode Comments': ['387']},{'It automates a process': ['387']},['387'],1,{'Free': ['387']}
CKJM,http://gromit.iiar.pwr.wroc.pl/p_inf/ckjm/,['332'],{'Demonstration in real environment': ['332']},{'Tool': ['332']},{'Industrial Studies': ['332']},{'Source Code': ['332']},{'It automates a task': ['332']},['332'],1,{'Free': ['332']}
CLANG STATIC ANALYZER,https://clang-analyzer.llvm.org/,['204'],{'Runnig Examples': ['204']},{'Tool': ['204']},{'Examples': ['204']},{'Source Code': ['204']},"{'It automates a task (e.g., static code analysis)': ['204']}",[],1,{'Free': ['204']}
CLANG TIDY,https://clang.llvm.org/extra/clang-tidy.,['402'],{'Proof-of-concept': ['402']},{'Tool': ['402']},{'Academic Studies': ['402']},{'Source Code': ['402']},{'It automates a process': ['402']},[],1,{'Free': ['402']}
CLIO,http://www.cs.umd.edu/~basili/hpcs/index.php_id=21,['9'],{'Proof-of-concept': ['9']},{'Tool': ['9']},{'Academic Studies': ['9']},{'Source Code': ['9']},{'It automates a task': ['9']},[],1,{'Free': ['9']}
CLOC,https://github.com/AlDanial/cloc#quick-start-,['387'],{'Proof-of-concept': ['387']},"{'Approach (e.g., integration of different tools)': ['387']}",{'Academic Studies': ['387']},{'Source Code\r\nGit Metadata\r\nCode Comments': ['387']},{'It automates a process': ['387']},['387'],1,{'Free': ['387']}
COBERTURA,http://msdn.microsoft.com/en-us/library/bb429476.aspx,"['4', 'Zengyang-S83']","{'Successfully proof in a real environment': ['4'], 'Demonstration in real environment': ['Zengyang-S83']}","{'Tool': ['4', 'Zengyang-S83']}","{'Industrial Applications': ['4'], 'Industrial Studies': ['Zengyang-S83']}","{'Source Code': ['4', 'Zengyang-S83']}","{'It automates a task': ['4'], 'It automates a process': ['Zengyang-S83']}",[],2,"{'Free': ['4', 'Zengyang-S83']}"
CODACY,https://www.codacy.com/,['436'],{'Runnig Examples': ['436']},{'Script': ['436']},{'Academic Studies': ['436']},{'Source Code': ['436']},{'It automates a task': ['436']},['436'],1,{'Open Source': ['436']}
CODE INSPECTOR,https://help.sap.com/doc/saphelp_nw74/7.4.16/en-us/49/205531d0fc14cfe10000000a42189b/frameset.htm,['348'],{None: ['348']},{None: ['348']},{None: ['348']},{None: ['348']},{None: ['348']},[],1,{None: ['348']}
CODEARENA,https://github.com/SimonBaars/CodeArena,['225'],{'Runnig Examples': ['225']},{'Tool': ['225']},{'Examples': ['225']},{'Source code': ['225']},{'It automates a task': ['225']},['225'],1,{'Open Source': ['225']}
CODEFACE4SMELLS,https://github.com/maelstromdat/CodeFace4Smells,['267'],{'Proof-of-concept': ['267']},{'Tool': ['267']},{'Academic Studies': ['267']},"{'Github metadata (e.g., number of releases)\r\nSource Code': ['267']}",{'It automates a task': ['267']},['267'],1,{'Open Source': ['267']}
CODEFLOW,https://www.getcodeflow.com/,['290'],{'Proof-of-concept': ['290']},{'Tool': ['290']},{'Academic Studies': ['290']},{'Source Code\r\nCode Reviews': ['290']},{'It automates a task': ['290']},[],1,{'Open Source': ['290']}
CODEMR,https://www.codemr.co.uk/,['356'],{'Runnig Examples': ['356']},{'Tool': ['356']},{'Examples': ['356']},{'Source code': ['356']},{'It automates a task': ['356']},[],1,{'Commercial/Private': ['356']}
CODEMRI,https://codemri.com/,['348'],{None: ['348']},{None: ['348']},{None: ['348']},{None: ['348']},{None: ['348']},[],1,{None: ['348']}
CODESCENE,https://codescene.io/,"['172', '175', '297', '334']","{'Proof-of-concept': ['172', '297'], 'Runnig Examples': ['175'], None: ['334']}","{'Tool': ['172', '175'], 'Approach (e.g., integration of different tools)': ['297'], None: ['334']}","{'Examples': ['172', '175'], 'Academic Studies': ['297'], None: ['334']}","{'Source Code': ['172', '175', '297'], None: ['334']}","{'It automates a task (e.g., static code analysis)': ['172', '175'], 'It automates a process': ['297'], None: ['334']}",['297'],4,"{'Commercial/Private': ['172'], 'Free for Open Source Projects': ['175'], 'Open Source': ['297'], None: ['334']}"
CODESONARTM,https://www.grammatech.com/codesonar-cc,['204'],{'Runnig Examples': ['204']},{'Tool': ['204']},{'Examples': ['204']},{'Source Code': ['204']},"{'It automates a task (e.g., static code analysis)': ['204']}",[],1,{'Free': ['204']}
CODESURFER,https://www.cppdepend.com/,['Zengyang-S88'],{'Demonstration in relevant environment': ['Zengyang-S88']},{'Tool': ['Zengyang-S88']},{'Industrial Studies': ['Zengyang-S88']},{'Source Code': ['Zengyang-S88']},{'It automates a task': ['Zengyang-S88']},[],1,{'Commercial/Private': ['Zengyang-S88']}
CODEVIZARD,http://www.cs.umd.edu/~basili/hpcs/index.php_id=21,"['241', '9']","{'Validation in relevant environment': ['241'], 'Proof-of-concept': ['9']}","{'Tool': ['241', '9']}","{'Academic Studies': ['241', '9']}","{'Source Code': ['241', '9']}","{'It automates a task': ['241', '9']}",[],2,"{'Free': ['241', '9']}"
COMMENT_PARSER,https://pypi.python.org/pypi/comment_parser,"['182', '212']","{'Runnig Examples': ['182'], 'Proof-of-concept': ['212']}","{'Approach (e.g., integration of different tools)': ['182', '212']}","{'Examples': ['182'], 'Academic Studies': ['212']}","{'Code Comments': ['182', '212']}","{'It automates a task (e.g., static code analysis)': ['182'], 'It automates a task': ['212']}",[],2,"{'Open Source': ['182'], 'Free': ['212']}"
CONVULATIONAL NEURAL NETWORKS WITH TENSORFLOW,https://github.com/dennybritz/cnn-text-classification-tf,['245'],{'Proof-of-concept': ['245']},"{'Approach (e.g., integration of different tools)': ['245']}",{'Academic Studies': ['245']},{'Code Comments': ['245']},{'It automates a task': ['245']},[],1,{'Open Source': ['245']}
COVERITY,,['67'],{'Runnig Examples': ['67']},{'Tool': ['67']},{'Examples': ['67']},"{'Source Code\r\nExecutition Data (E.g., memory usage)': ['67']}",{'It automates a task': ['67']},[],1,{'Free': ['67']}
COVERITY SCAN,https://scan.coverity.com,['289'],{'Proof-of-concept': ['289']},{'Tool': ['289']},{'Academic Studies': ['289']},{'Source Code': ['289']},{'It automates a process': ['289']},[],1,{'Free': ['289']}
COVERITYSCAN,https://scan.coverity.com,['248'],{'Proof-of-concept': ['248']},{'Tool': ['248']},{'Academic Studies': ['248']},{'Source Code': ['248']},{'It automates a task': ['248']},[],1,{'Open Source': ['248']}
CPPCHECK,http://cppcheck.sourceforge.net,['67'],{'Runnig Examples': ['67']},{'Tool': ['67']},{'Examples': ['67']},"{'Source Code\r\nExecutition Data (E.g., memory usage)': ['67']}",{'It automates a task': ['67']},[],1,{'Free': ['67']}
CPPDEPEND,https://www.cppdepend.com/,"['303', 'Zengyang-S88']","{'Demonstration in real environment': ['303'], 'Demonstration in relevant environment': ['Zengyang-S88']}","{'Tool': ['303', 'Zengyang-S88']}","{'Industrial Applications': ['303'], 'Industrial Studies': ['Zengyang-S88']}","{'Source Code': ['303', 'Zengyang-S88']}","{'It automates a task': ['303', 'Zengyang-S88']}",[],2,"{'Commercial with free trial': ['303'], 'Commercial/Private': ['Zengyang-S88']}"
CSDETECTOR,https://github.com/maelstromdat/CodeFace4Smells,['267'],{'Proof-of-concept': ['267']},{'Tool': ['267']},{'Academic Studies': ['267']},"{'Github metadata (e.g., number of releases)\r\nSource Code': ['267']}",{'It automates a task': ['267']},['267'],1,{'Open Source': ['267']}
CYTOSCAPE,https://cytoscape.org/,['Zengyang-S58'],{'Proof-of-concept': ['Zengyang-S58']},{'Tool': ['Zengyang-S58']},{'Academic Studies': ['Zengyang-S58']},{'Source Code': ['Zengyang-S58']},{'It automates a task': ['Zengyang-S58']},[],1,{'Free': ['Zengyang-S58']}
DBDEO,https://github.com/tushartushar/DbDeo,['162'],{'Proof-of-concept': ['162']},{'Tool': ['162']},{'Academic Studies': ['162']},{'SQL statements': ['162']},{'It automates a task': ['162']},['162'],1,{'Open Source': ['162']}
DBQUERIES,https://github.com/erki77/database-design-queries,['273'],{'Proof-of-concept': ['273']},{'SQL Queries': ['273']},{'Examples': ['273']},{'Databases': ['273']},{'It automates a task': ['273']},['273'],1,{'Open Source': ['273']}
DEBTFLAG,Not Accessible,"['334', '57']","{None: ['334'], 'Demonstration and test in real environment': ['57']}","{None: ['334'], 'Tool': ['57']}","{None: ['334'], 'Industrial Studies': ['57']}","{None: ['334'], 'Source Code': ['57']}","{None: ['334'], 'It automates a process': ['57']}",[],2,"{None: ['334'], 'Free': ['57']}"
DEBTFREE,https://github. com/HuyTu7/DebtFree,['444'],{'Proof-of-concept': ['444']},{'Framework': ['444']},{'Academic Studies': ['444']},{'Code Comments': ['444']},{'It automates a task': ['444']},['444'],1,{'Open Source': ['444']}
DEBTGREP,Not Accessible,['334'],{None: ['334']},{None: ['334']},{None: ['334']},{None: ['334']},{None: ['334']},[],1,{None: ['334']}
DEBTHUNTER,https://github.com/PandaMinore/DebtHunter-Tool,['403'],{'Proof-of-concept': ['403']},{None: ['403']},{'Academic Studies': ['403']},{'Code Comments': ['403']},{'It automates a task': ['403']},['403'],1,{'Open Source': ['403']}
DECOR,Not Accessible,['278'],{'Runnig Examples': ['278']},{'Tool': ['278']},{'Examples': ['278']},{'Source code': ['278']},{'It automates a task': ['278']},[],1,{'Open Source': ['278']}
DEPENDS,https://github.com/multilang-depends/depends,['297'],{'Proof-of-concept': ['297']},"{'Approach (e.g., integration of different tools)': ['297']}",{'Academic Studies': ['297']},{'Source Code': ['297']},{'It automates a process': ['297']},['297'],1,{'Open Source': ['297']}
DERECGEA,https://github.com/teomaik/DeRec-GEA,['265'],{'Proof-of-concept': ['265']},{'Algorithm': ['265']},{'Academic Studies': ['265']},{'Source Code': ['265']},{'It automates a process': ['265']},['265'],1,{'Open Source': ['265']}
DESIGNITE,http://www.designite-tools.com,"['226', '79', '422', '289', '297', '379', '269', '354', '349']","{'Proof-of-concept': ['226', '79', '422', '289', '297', '379', '269', '354', '349']}","{'Tool': ['226', '79', '422', '289', '379', '269', '349'], 'Approach (e.g., integration of different tools)': ['297', '354']}","{'Examples': ['226', '79'], 'Academic Studies': ['422', '289', '297', '379', '269', '354', '349']}","{'Source Code': ['226', '79', '422', '289', '297', '379', '354', '349'], 'Source code': ['269']}","{'It automates a task (e.g., static code analysis)': ['226', '79'], 'It automates a task': ['422', '379', '349'], 'It automates a process': ['289', '297', '269', '354']}","['79', '297', '354']",9,"{'Free': ['226', '79', '422', '289', '379', '269', '354'], 'Open Source': ['297'], 'Various': ['349']}"
DESIGNITE JAVA,https://www.designite-tools.com/designitejava/,['340'],{None: ['340']},{None: ['340']},{None: ['340']},{None: ['340']},{None: ['340']},['354'],1,{None: ['340']}
DESIGNITEJAVA,https://www.designite-tools.com/designitejava/,['354'],{'Proof-of-concept': ['354']},"{'Approach (e.g., integration of different tools)': ['354']}",{'Academic Studies': ['354']},{'Source Code': ['354']},{'It automates a process': ['354']},['354'],1,{'Free': ['354']}
DV8,https://archdia.com/,"['178', '208', '297', '334', '340', '348', '349']","{'Demonstration in real environment': ['178', '208'], 'Proof-of-concept': ['297', '349'], None: ['334', '340', '348']}","{'Tool': ['178', '208', '349'], 'Approach (e.g., integration of different tools)': ['297'], None: ['334', '340', '348']}","{'Industrial Studies': ['178'], 'Expert Opinion': ['208'], 'Academic Studies': ['297', '349'], None: ['334', '340', '348']}","{'Dependency Graph\r\nRevision History\r\nBug Reports': ['178'], None: ['208', '334', '340', '348'], 'Source Code': ['297', '349']}","{'It automates a process': ['178', '208', '297'], None: ['334', '340', '348'], 'It automates a task': ['349']}",['297'],7,"{'Free': ['178', '208'], 'Open Source': ['297'], None: ['334', '340', '348'], 'Various': ['349']}"
E-DEBITUM,https://github.com/e-debitum/E-Debitum-tool,['323'],{'Runnig Examples': ['323']},{'Tool': ['323']},{'Examples': ['323']},{'Source Code': ['323']},{'It automates a process': ['323']},['323'],1,{'Open Source': ['323']}
ehsanzabardast/code_tdi_survivability,https://github.com/ehsanzabardast/code_tdi_survivability,['436'],{'Runnig Examples': ['436']},{'Script': ['436']},{'Academic Studies': ['436']},{'Source Code': ['436']},{'It automates a task': ['436']},['436'],1,{'Open Source': ['436']}
EMF REFACTOR,https://www.eclipse.org/emf-refactor/,"['115', '268', '329']","{'Proof-of-concept': ['115', '329'], None: ['268']}","{'Plugin': ['115'], 'Tool': ['268', '329']}","{'Examples': ['115', '268'], 'Academic Studies': ['329']}","{'EMF Refactor - UML Diagrams\r\nSonarQube - Source Code': ['115'], None: ['268'], 'Souce Code\r\nMDD Models': ['329']}","{'It automates a process': ['115'], 'It automates a task': ['268', '329']}",[],3,"{'Open Source': ['115', '329'], 'Free': ['268']}"
ENTERPRISE ARCHITECT,https://sparxsystems.com/products/ea/,['268'],{None: ['268']},{'Tool': ['268']},{'Examples': ['268']},{None: ['268']},{'It automates a task': ['268']},[],1,{'Free': ['268']}
ESLINT,https://eslint.org,['281'],{'Proof-of-concept': ['281']},{'Plugin': ['281']},{'Academic Studies': ['281']},{'Source Code': ['281']},{'It automates a task': ['281']},[],1,{'Free': ['281']}
ETHLINT,https://github.com/duaraghav8/Ethlint,['368'],{'Proof-of-concept': ['368']},{'Tool': ['368']},{'Academic Studies': ['368']},{'Source Code': ['368']},{'It automates a task': ['368']},[],1,{'Open Source': ['368']}
EXA2PRO,https://github.com/nikosnikolaidis/Exa2Pro-Plugin,['380'],{'Proof-of-concept': ['380']},{'Framework': ['380']},{'Academic Studies': ['380']},{'Source Code': ['380']},{'It automates a process': ['380']},['380'],1,{'Open Source': ['380']}
FABRICATOR,https://secure.phabricator.com/,['290'],{'Proof-of-concept': ['290']},{'Tool': ['290']},{'Academic Studies': ['290']},{'Source Code\r\nCode Reviews': ['290']},{'It automates a task': ['290']},[],1,{'Open Source': ['290']}
FINDBUGS,http://findbugs.sourceforge.net/,"['429', '241', '67', '281', '332', '57', '38', '4', '9', 'Zengyang-S87']","{'Proof-of-concept': ['429', '281', '9', 'Zengyang-S87'], 'Validation in relevant environment': ['241'], 'Runnig Examples': ['67'], 'Demonstration in real environment': ['332', '38'], 'Demonstration and test in real environment': ['57'], 'Successfully proof in a real environment': ['4']}","{'Tool': ['429', '241', '67', '332', '57', '38', '4', '9', 'Zengyang-S87'], 'Plugin': ['281']}","{'Academic Studies': ['429', '241', '281', '9', 'Zengyang-S87'], 'Examples': ['67'], 'Industrial Studies': ['332', '57', '38'], 'Industrial Applications': ['4']}","{'Source Code': ['429', '241', '281', '332', '57', '38', '4', '9', 'Zengyang-S87'], 'Source Code\r\nExecutition Data (E.g., memory usage)': ['67']}","{'It automates a process': ['429', '57'], 'It automates a task': ['241', '67', '281', '332', '38', '4', '9', 'Zengyang-S87']}",['332'],10,"{'Free': ['429', '241', '67', '281', '332', '57', '38', '4', '9', 'Zengyang-S87']}"
FIXME,https://www.fixmebot.app/,['390'],{'Proof-of-concept': ['390']},{'Bot': ['390']},{'Examples': ['390']},{'Github Commits': ['390']},{'It automates a process': ['390']},['390'],1,{'Open Source': ['390']}
FXCOP,http://msdn.microsoft.com/en-us/library/bb429476.aspx,"['67', '38', 'Zengyang-S83']","{'Runnig Examples': ['67'], 'Demonstration in real environment': ['38', 'Zengyang-S83']}","{'Tool': ['67', '38', 'Zengyang-S83']}","{'Examples': ['67'], 'Industrial Studies': ['38', 'Zengyang-S83']}","{'Source Code\r\nExecutition Data (E.g., memory usage)': ['67'], 'Source Code': ['38', 'Zengyang-S83']}","{'It automates a task': ['67', '38'], 'It automates a process': ['Zengyang-S83']}",[],3,"{'Free': ['67', '38', 'Zengyang-S83']}"
GDI HANDLE,http://blogs.msdn.com/b/dsui_team/archive/2013/04/23/debugging-a-gdi-resource-leak.aspx.,['67'],{'Runnig Examples': ['67']},{'Tool': ['67']},{'Examples': ['67']},"{'Source Code\r\nExecutition Data (E.g., memory usage)': ['67']}",{'It automates a task': ['67']},[],1,{'Free': ['67']}
GEPHI,https://gephi.org/,['237'],{'Proof-of-concept': ['237']},{'Tool': ['237']},{'Examples': ['237']},{'Source Code': ['237']},"{'It automates a task (e.g., static code analysis)': ['237']}",[],1,{'Free': ['237']}
GERRIT,https://www.gerritcodereview.com/,['290'],{'Proof-of-concept': ['290']},{'Tool': ['290']},{'Academic Studies': ['290']},{'Source Code\r\nCode Reviews': ['290']},{'It automates a task': ['290']},[],1,{'Open Source': ['290']}
GITLOG,Not Accessible,['297'],{'Proof-of-concept': ['297']},"{'Approach (e.g., integration of different tools)': ['297']}",{'Academic Studies': ['297']},{'Source Code': ['297']},{'It automates a process': ['297']},['297'],1,{'Open Source': ['297']}
GLMNET,https://cran.r-project.org/web/packages/glmnet/index.html,['315'],{'Proof-of-concept': ['315']},{'Library': ['315']},{'Examples': ['315']},{'Code Comments': ['315']},"{'It automates a task (e.g., static code analysis)': ['315']}",['315'],1,{'Open Source': ['315']}
HADOLINT,https://github.com/hadolint/hadolint,['375'],{'Proof-of-concept': ['375']},{'Tool': ['375']},{'Academic Studies': ['375']},{'Docker-Files': ['375']},{'It automates a task': ['375']},[],1,{'Open Source': ['375']}
IBM RATIONAL PURIFY,https://www.almtoolbox.com/purify.php,['67'],{'Runnig Examples': ['67']},{'Tool': ['67']},{'Examples': ['67']},"{'Source Code\r\nExecutition Data (E.g., memory usage)': ['67']}",{'It automates a task': ['67']},[],1,{'Free': ['67']}
INFUSION,http://www.intooitus.com/products/infusion,"['76', '88', '353', '351', 'Zengyang-S25', 'Zengyang-S55']","{'Proof-of-concept': ['76', '88', '353', '351', 'Zengyang-S25', 'Zengyang-S55']}","{'Tool': ['76', '88', '353', '351', 'Zengyang-S25', 'Zengyang-S55']}","{'Expert Opinion': ['76', '88'], 'Examples': ['353'], 'Academic Studies': ['351', 'Zengyang-S25', 'Zengyang-S55']}","{'Source Code': ['76', '88', '351', 'Zengyang-S25', 'Zengyang-S55'], 'Source code': ['353']}","{'It automates a task (e.g., static code analysis)': ['76', '88'], 'It automates a task': ['353', '351', 'Zengyang-S25', 'Zengyang-S55']}",[],6,"{'SonarQube  (Open Source), Other (Commercial)': ['76'], 'SonarQube is open source, other commercial.': ['88'], 'Free': ['353', '351', 'Zengyang-S25', 'Zengyang-S55']}"
INTEL THREAD CHECKER,Not Accessible,['67'],{'Runnig Examples': ['67']},{'Tool': ['67']},{'Examples': ['67']},"{'Source Code\r\nExecutition Data (E.g., memory usage)': ['67']}",{'It automates a task': ['67']},[],1,{'Free': ['67']}
INTELLIJ IDEA,https://www.jetbrains.com/idea/,['356'],{'Runnig Examples': ['356']},{'Tool': ['356']},{'Examples': ['356']},{'Source code': ['356']},{'It automates a task': ['356']},[],1,{'Commercial/Private': ['356']}
IPLASMA,https://www.microfocus.com/en-us/products/together/overview,"['278', '353']","{'Runnig Examples': ['278'], 'Proof-of-concept': ['353']}","{'Tool': ['278', '353']}","{'Examples': ['278', '353']}","{'Source code': ['278', '353']}","{'It automates a task': ['278', '353']}",[],2,"{'Open Source': ['278'], 'Free': ['353']}"
JAEGER,https://www.jaegertracing.io,['292'],{'Runnig Examples': ['292']},{'Tool': ['292']},{'Examples': ['292']},{'Source Code': ['292']},"{'It automates a task (e.g., static code analysis)': ['292']}",[],1,{'Open Source': ['292']}
JAVANCSS,https://github.com/nokia/javancss,['2'],{'Proof-of-concept': ['2']},"{'Approach (e.g., integration of different tools)': ['2']}",{'Academic Studies': ['2']},{'Source Code': ['2']},"{'It automates a task (e.g., static code analysis)': ['2']}",[],1,{'Open Source': ['2']}
JDEODORANT,"https://github.com/tsantalis/JDeodorant
https://users.encs.concordia.ca/~nikolaos/jdeodorant/","['1', '423', '351']","{'Proof-of-concept': ['1', '423', '351']}","{'Plugin': ['1', '423'], 'Tool': ['351']}","{'Academic Studies': ['1', '423', '351']}","{'Source Code': ['1', '423', '351']}","{'It automates a task': ['1', '423', '351']}",[],3,"{'Open Source': ['1'], 'Free': ['423', '351']}"
JDEPENDS,https://github.com/clarkware/jdepend,['2'],{'Proof-of-concept': ['2']},"{'Approach (e.g., integration of different tools)': ['2']}",{'Academic Studies': ['2']},{'Source Code': ['2']},"{'It automates a task (e.g., static code analysis)': ['2']}",[],1,{'Open Source': ['2']}
jieshanshan/ist-si-sftd,https://github.com/jieshanshan/ist-si-sftd,['437'],{'Proof-of-concept': ['437']},{'Script': ['437']},{'Academic Studies': ['437']},{'Source Code': ['437']},{'It automates a task': ['437']},['437'],1,{'Open Source': ['437']}
jieshanshan/SEAA2020,https://github.com/jieshanshan/SEAA2020,['316'],{'Proof-of-concept': ['316']},{'Script': ['316']},{'Academic Studies': ['316']},{'Source Code': ['316']},{'It automates a task': ['316']},['316'],1,{'Open Source': ['316']}
jieshanshan/TD-Apache-Python,https://github.com/jieshanshan/TD-Apache-Python,['395'],{'Proof-of-concept': ['395']},{'Script': ['395']},{'Academic Studies': ['395']},{'Source Code\r\nIssues\r\nCommits': ['395']},{'It automates a task': ['395']},['395'],1,{'Open Source': ['395']}
jieshanshan/TechDebt2020,https://github.com/jieshanshan/TechDebt2020,['293'],{'Proof-of-concept': ['293']},{'Script': ['293']},{'Academic Studies': ['293']},{'Source Code': ['293']},{'It automates a task': ['293']},['293'],1,{'Open Source': ['293']}
JIRA,https://www.atlassian.com/software/jira,['57'],{'Demonstration and test in real environment': ['57']},{'Tool': ['57']},{'Industrial Studies': ['57']},{'Source Code': ['57']},{'It automates a process': ['57']},[],1,{'Free': ['57']}
JITTERBUG,https://github.com/ai-se/Jitterbug,['442'],{'Proof-of-concept': ['442']},{'Framework': ['442']},{'Academic Studies': ['442']},{'Code Comments': ['442']},{'It automates a task': ['442']},['442'],1,{'Open Source': ['442']}
JMETER,https://jmeter.apache.org/,['264'],{'Runnig Examples': ['264']},{'Tool': ['264']},{'Examples': ['264']},{'Source Code\r\nGUI': ['264']},{'It automates a task': ['264']},[],1,{'Free': ['264']}
JSPIRIT,https://sites.google.com/site/santiagoavidal/projects/jspirit,"['71', '66', '351', '329']","{'Proof-of-concept': ['71', '351', '329'], 'Runnig Examples': ['66']}","{'Plugin': ['71', '66'], 'Tool': ['351', '329']}","{'Examples': ['71', '66'], 'Academic Studies': ['351', '329']}","{'Source Code': ['71', '66', '351'], 'Souce Code\r\nMDD Models': ['329']}","{'It automates a task (e.g., static code analysis)': ['71'], 'It automates a process (e.g., calculate the TD interest)': ['66'], 'It automates a task': ['351', '329']}",['66'],4,"{'Open Source': ['71', '329'], 'Free': ['66', '351']}"
KALEIDOSCOPE,http://kaleidoscopetool.org/,['125'],{'Proof-of-concept': ['125']},{'Tool': ['125']},{'Examples': ['125']},{'Source Code': ['125']},"{'It automates a task (e.g., static code analysis)': ['125']}",['125'],1,{'Free': ['125']}
KERAS,https://keras.io,"['300', '383', '407']","{'Runnig Examples': ['300'], 'Proof-of-concept': ['383', '407']}","{'Tool': ['300'], 'Approach (e.g., integration of different tools)': ['383', '407']}","{'Examples': ['300'], 'Academic Studies': ['383', '407']}","{'Code Comments': ['300'], 'An existing dataset with TD Values.': ['383'], 'Source Code': ['407']}","{'It automates a task (e.g., static code analysis)': ['300'], 'It automates a task': ['383', '407']}",['407'],3,"{'Free': ['300'], 'Open Source': ['383', '407']}"
KIUWAN,https://www.kiuwan.com/,"['334', '327']","{None: ['334'], 'Proof-of-concept': ['327']}","{None: ['334'], 'Tool': ['327']}","{None: ['334'], 'Academic Studies': ['327']}","{None: ['334'], 'Source Code': ['327']}","{None: ['334'], 'It automates a process': ['327']}",[],2,"{None: ['334'], 'Free': ['327']}"
KLOCWORK,http://www.klocwork.com,['Zengyang-S83'],{'Demonstration in real environment': ['Zengyang-S83']},{'Tool': ['Zengyang-S83']},{'Industrial Studies': ['Zengyang-S83']},{'Source Code': ['Zengyang-S83']},{'It automates a process': ['Zengyang-S83']},[],1,{'Free': ['Zengyang-S83']}
LATTIX,https://www.lattix.com/,"['297', '184', '303', '369']","{'Proof-of-concept': ['297', '184'], 'Demonstration in real environment': ['303', '369']}","{'Approach (e.g., integration of different tools)': ['297'], 'Tool': ['184', '303', '369']}","{'Academic Studies': ['297', '184'], 'Industrial Applications': ['303'], 'Industrial Studies': ['369']}","{'Source Code': ['297', '184', '303', '369']}","{'It automates a process': ['297', '369'], 'It automates a task': ['184', '303']}",['297'],4,"{'Open Source': ['297'], 'Free': ['184', '369'], 'Commercial with free trial': ['303']}"
LONG SHORT-TERM MEMORY,Not Accessible,['301'],{'Proof-of-concept': ['301']},"{'Approach (e.g., integration of different tools)': ['301']}",{'Academic Studies': ['301']},{'Code Comments': ['301']},{'It automates a task': ['301']},[],1,{'Open Source': ['301']}
LOUVAIN-IGRAPH,https://github.com/vtraag/louvain-igraph,['29'],{'Proof-of-concept': ['29']},{'Package': ['29']},{'Examples': ['29']},{'Source Code': ['29']},"{'It automates a task (e.g., static code analysis)': ['29']}",[],1,{'Open Source': ['29']}
M3SOulu/KLSATD_SEAA_2020,https://github.com/M3SOulu/KLSATD_SEAA_2020,['315'],{'Proof-of-concept': ['315']},{'Library': ['315']},{'Examples': ['315']},{'Code Comments': ['315']},"{'It automates a task (e.g., static code analysis)': ['315']}",['315'],1,{'Open Source': ['315']}
MACHINE LEARNING MODEL,Not Accessible,['287'],{'Proof-of-concept': ['287']},{'Tool': ['287']},{'Academic Studies': ['287']},{'Source Code\r\nCode Comments': ['287']},{'It automates a task': ['287']},['287'],1,{'Open Source': ['287']}
MACHINE LEARNING PACKAGES R,"https://cran.r-project.org/package=klaR
https://cran.r-project.org/package=C50
https://cran.r-project.org/package=randomForest
https://cran.r-project.org/package=kernlab
https://cran.r-project.org/package=caret",['250'],{'Proof-of-concept': ['250']},{'Tool': ['250']},{'Expert Opinion': ['250']},{'Source Code': ['250']},{'It automates a task': ['250']},[],1,{'Free': ['250']}
MANTICORE,https://github.com/trailofbits/manticore,['368'],{'Proof-of-concept': ['368']},{'Tool': ['368']},{'Academic Studies': ['368']},{'Source Code': ['368']},{'It automates a task': ['368']},[],1,{'Open Source': ['368']}
MANTIS,http://www.mantisbt.org.,['Zengyang-S31'],{'Runnig Examples': ['Zengyang-S31']},{'Tool': ['Zengyang-S31']},{'Examples': ['Zengyang-S31']},{'Source Code': ['Zengyang-S31']},{'It automates a task': ['Zengyang-S31']},[],1,{'Open Source': ['Zengyang-S31']}
MASSEY ARCHITECTURE EXPLORER,http://xplrarc.massey.ac.nz/,['184'],{'Proof-of-concept': ['184']},{'Tool': ['184']},{'Academic Studies': ['184']},{'Source Code': ['184']},{'It automates a task': ['184']},[],1,{'Free': ['184']}
METRICSRELOADED INTELLIJ PLUGIN,https://plugins.jetbrains.com/plugin/93-metricsreloaded,['253'],{'Proof-of-concept': ['253']},{'Plugin': ['253']},{'Academic Studies': ['253']},{'Source Code': ['253']},{'It automates a task': ['253']},[],1,{'Free': ['253']}
MUSE,Not Accessible,['132'],{'Proof-of-concept': ['132']},{'Tool': ['132']},{'Examples': ['132']},{'Source Code': ['132']},{'It automates a process': ['132']},['132'],1,{'Free': ['132']}
MYTHOS,Not Accessible,['368'],{'Proof-of-concept': ['368']},{'Tool': ['368']},{'Academic Studies': ['368']},{'Source Code': ['368']},{'It automates a task': ['368']},[],1,{'Open Source': ['368']}
MYTHRIL,https://github.com/ConsenSys/mythril,['368'],{'Proof-of-concept': ['368']},{'Tool': ['368']},{'Academic Studies': ['368']},{'Source Code': ['368']},{'It automates a task': ['368']},[],1,{'Open Source': ['368']}
NDEPEND,https://www.ndepend.com/.,"['334', '348', '402', '327', '332']","{None: ['334', '348'], 'Proof-of-concept': ['402', '327'], 'Demonstration in real environment': ['332']}","{None: ['334', '348'], 'Tool': ['402', '327', '332']}","{None: ['334', '348'], 'Academic Studies': ['402', '327'], 'Industrial Studies': ['332']}","{None: ['334', '348'], 'Source Code': ['402', '327', '332']}","{None: ['334', '348'], 'It automates a process': ['402', '327'], 'It automates a task': ['332']}",['332'],5,"{None: ['334', '348'], 'Free': ['402', '327', '332']}"
NEO4J,https://neo4j.com/,['271'],{'Runnig Examples': ['271']},"{'Approach (e.g., integration of different tools)': ['271']}",{'Examples': ['271']},{'Source Code': ['271']},"{'It automates a task (e.g., static code analysis)': ['271']}",[],1,{'Free': ['271']}
NGWEIGHT,https://github.com/iwnsew/ngweight,"['217', '240', '319']","{'Runnig Examples': ['217', '240'], 'Proof-of-concept': ['319']}","{'Approach (e.g., integration of different tools)': ['217', '240', '319']}","{'Examples': ['217', '240'], 'Academic Studies': ['319']}","{'Code Comments': ['217', '240', '319']}","{'It automates a task (e.g., static code analysis)': ['217', '240'], 'It automates a task': ['319']}","['217', '240', '319']",3,"{'Open Source': ['217', '240', '319']}"
NLON,https://github.com/M3SOulu/NLoN,['315'],{'Proof-of-concept': ['315']},{'Library': ['315']},{'Examples': ['315']},{'Code Comments': ['315']},"{'It automates a task (e.g., static code analysis)': ['315']}",['315'],1,{'Open Source': ['315']}
NOT CITED,https://doi.org/10.6084/m9.figshare.12890864.,['420'],{'Proof-of-concept': ['420']},{'Script': ['420']},{'Academic Studies': ['420']},{'Code Review History': ['420']},{'It automates a task': ['420']},['420'],1,{'Open Source': ['420']}
NOT SPECIFEID,http://www.cs.rug.nl/search/Resources/Resources,['183'],{'Runnig Examples': ['183']},{'Plugin': ['183']},{'Examples': ['183']},{'Source Code\r\nRequirement Specification': ['183']},{'It automates a task': ['183']},['183'],1,{'Open Source': ['183']}
OPEN SZZ,https://github.com/clowee/OpenSZZ,['427'],{'Proof-of-concept': ['427']},{'Tool': ['427']},{'Academic Studies': ['427']},{'Source Code': ['427']},{'It automates a task': ['427']},[],1,{'Open Source': ['427']}
PCLINT,https://pclintplus.com/,"['67', '38']","{'Runnig Examples': ['67'], 'Demonstration in real environment': ['38']}","{'Tool': ['67', '38']}","{'Examples': ['67'], 'Industrial Studies': ['38']}","{'Source Code\r\nExecutition Data (E.g., memory usage)': ['67'], 'Source Code': ['38']}","{'It automates a task': ['67', '38']}",[],2,"{'Free': ['67', '38']}"
PERFMON,https://learn.microsoft.com/en-us/windows-server/administration/windows-commands/perfmon,['67'],{'Runnig Examples': ['67']},{'Tool': ['67']},{'Examples': ['67']},"{'Source Code\r\nExecutition Data (E.g., memory usage)': ['67']}",{'It automates a task': ['67']},[],1,{'Free': ['67']}
PHPMD,https://phpmd.org/,['274'],{'Proof-of-concept': ['274']},{'Tool': ['274']},{'Academic Studies': ['274']},{'Source Code': ['274']},{'It automates a task': ['274']},[],1,{'Open Source': ['274']}
PIRANHA,https://github.com/uber/piranha,['294'],{'Demonstration in relevant environment': ['294']},{'Tool': ['294']},{'Industrial Applications': ['294']},{'Flag name\r\nAPIs related to flags': ['294']},{'It automates a task': ['294']},['294'],1,{'Open Source': ['294']}
PLUGIN FOR SONARQUBE,https://github.com/davidetaibi/sonarqube-anti-patterns-code-smells,['229'],{'Proof-of-concept': ['229']},{'Plugin': ['229']},{'Academic Studies': ['229']},{'Source Code': ['229']},{'It automates a task': ['229']},['229'],1,{'Open Source': ['229']}
PMD,"https://pmd.github.io/
http://pmd.sourceforge.net ","['133', '202', '268', '429', '351', '190', '266', '311', '290', '329', '436', '56', '4', 'Zengyang-S83']","{'Runnig Examples': ['133', '436'], 'Proof-of-concept': ['202', '429', '351', '190', '266', '311', '290', '329', '56'], None: ['268'], 'Successfully proof in a real environment': ['4'], 'Demonstration in real environment': ['Zengyang-S83']}","{'Tool': ['133', '202', '268', '429', '351', '190', '266', '311', '290', '329', '56', '4', 'Zengyang-S83'], 'Script': ['436']}","{'Examples': ['133', '202', '268'], 'Academic Studies': ['429', '351', '190', '266', '311', '290', '329', '436', '56'], 'Industrial Applications': ['4'], 'Industrial Studies': ['Zengyang-S83']}","{'Source Code': ['133', '202', '429', '351', '190', '266', '311', '436', '56', '4', 'Zengyang-S83'], None: ['268'], 'Source Code\r\nCode Reviews': ['290'], 'Souce Code\r\nMDD Models': ['329']}","{'It automates a task': ['133', '202', '268', '351', '311', '290', '329', '436', '56', '4'], 'It automates a process': ['429', '190', '266', 'Zengyang-S83']}",['436'],14,"{'Open Source': ['133', '202', '190', '290', '329', '436', '56'], 'Free': ['268', '429', '351', '266', '311', '4', 'Zengyang-S83']}"
PMDâ€™S COPY/PASTE DETECTOR,https://pmd.github.io/latest/pmd_userdocs_cpd.html,['387'],{'Proof-of-concept': ['387']},"{'Approach (e.g., integration of different tools)': ['387']}",{'Academic Studies': ['387']},{'Source Code\r\nGit Metadata\r\nCode Comments': ['387']},{'It automates a process': ['387']},['387'],1,{'Free': ['387']}
PORTER STEMMER,https://tartarus.org/martin/PorterStemmer/,['182'],{'Runnig Examples': ['182']},"{'Approach (e.g., integration of different tools)': ['182']}",{'Examples': ['182']},{'Code Comments': ['182']},"{'It automates a task (e.g., static code analysis)': ['182']}",[],1,{'Open Source': ['182']}
PRIORIZATION APPROACH,https://github.com/brunoslima/SATDPriorityParse,['432'],{'Proof-of-concept': ['432']},"{'Approach (e.g., integration of different tools)': ['432']}",{'Academic Studies': ['432']},{'Source Code\r\nCode Comments': ['432']},{'It automates a process': ['432']},['432'],1,{'Open Source': ['432']}
PROBOT (FRAMEWORK TO DEVELOP APPS FOR AUTOMATE GITHUB WORKFLOW),https://github.com/probot/probot,['413'],{'Proof-of-concept': ['413']},{'Bot': ['413']},{'Academic Studies': ['413']},{'Source Code\r\nCode Comments': ['413']},{'It automates a process': ['413']},[],1,{'Open Source': ['413']}
PRODEBT,http://www.prodebt.de/,"['105', '146']","{'Proof-of-concept': ['105'], None: ['146']}","{'Tool': ['105'], None: ['146']}","{'Expert Opinion': ['105'], None: ['146']}","{'Unknown': ['105'], None: ['146']}","{'It automates a process': ['105'], None: ['146']}",['105'],2,"{'Free': ['105'], None: ['146']}"
PROPOSED BY THE AUTHOR,https://github.com/tkdsheep/TechnicalDebt,['160'],{'Runnig Examples': ['160']},{'Script': ['160']},{'Academic Studies': ['160']},{'Code Comments': ['160']},{'It automates a task': ['160']},['160'],1,{'Open Source': ['160']}
PTIDEJ,https://www.ptidej.net/,"['248', '427']","{'Proof-of-concept': ['248', '427']}","{'Tool': ['248', '427']}","{'Academic Studies': ['248', '427']}","{'Source Code': ['248', '427']}","{'It automates a task': ['248', '427']}",[],2,"{'Open Source': ['248', '427']}"
PUPPET-LINT,https://github.com/tushartushar/Puppeteer,['102'],{'Proof-of-concept': ['102']},{'Tool': ['102']},{'Academic Studies': ['102']},{'Configuration Files': ['102']},{'It automates a task': ['102']},['102'],1,{'Open Source': ['102']}
PUPPETEER,https://github.com/tushartushar/Puppeteer,['102'],{'Proof-of-concept': ['102']},{'Tool': ['102']},{'Academic Studies': ['102']},{'Configuration Files': ['102']},{'It automates a task': ['102']},['102'],1,{'Open Source': ['102']}
PYDRILLER,https://pydriller.readthedocs.io/en/latest/,['387'],{'Proof-of-concept': ['387']},"{'Approach (e.g., integration of different tools)': ['387']}",{'Academic Studies': ['387']},{'Source Code\r\nGit Metadata\r\nCode Comments': ['387']},{'It automates a process': ['387']},['387'],1,{'Free': ['387']}
PYLINT,https://www.pylint.org/,['204'],{'Runnig Examples': ['204']},{'Tool': ['204']},{'Examples': ['204']},{'Source Code': ['204']},"{'It automates a task (e.g., static code analysis)': ['204']}",[],1,{'Free': ['204']}
QSCORED,https://qscored.com/,['354'],{'Proof-of-concept': ['354']},"{'Approach (e.g., integration of different tools)': ['354']}",{'Academic Studies': ['354']},{'Source Code': ['354']},{'It automates a process': ['354']},['354'],1,{'Free': ['354']}
RADON,https://radon.readthedocs.io/en/latest/index.html,['295'],{'Runnig Examples': ['295']},{'Tool': ['295']},{'Examples': ['295']},{'Source Code': ['295']},"{'It automates a task (e.g., static code analysis)': ['295']}",[],1,{'Open Source': ['295']}
REFACTORING-BOT,https://github.com/Refactoring-Bot,['228'],{'Runnig Examples': ['228']},{'Bot': ['228']},{'Examples': ['228']},{'Source Code': ['228']},{'It automates a process': ['228']},['228'],1,{'Open Source': ['228']}
REFACTORINGMINER,https://github.com/tsantalis/RefactoringMiner,['314'],{'Proof-of-concept': ['314']},{'Tool': ['314']},{'Academic Studies': ['314']},{'Source Code': ['314']},{'It automates a process': ['314']},"['409', '297']",1,{'Open Source': ['314']}
REPOSITORY EVALUATION TOOLCHAIN,https://github.com/gssi/metamodel-dataset-analysis-toolchain,['339'],{'Runnig Examples': ['339']},{'Tool': ['339']},{'Examples': ['339']},{'Metamodels': ['339']},{'It automates a task': ['339']},['339'],1,{'Open Source': ['339']}
RESHARPER,https://www.jetbrains.com/help/resharper/ReSharper_Command_Line_Tools.html,['Zengyang-S87'],{'Proof-of-concept': ['Zengyang-S87']},{'Tool': ['Zengyang-S87']},{'Academic Studies': ['Zengyang-S87']},{'Source Code': ['Zengyang-S87']},{'It automates a task': ['Zengyang-S87']},[],1,{'Free': ['Zengyang-S87']}
RESOURCE STANDARD METRICS,www.msquaredtechnologies.com.,['Zengyang-S37'],{'Proof-of-concept': ['Zengyang-S37']},{'Tool': ['Zengyang-S37']},{'Academic Studies': ['Zengyang-S37']},{'Source Code': ['Zengyang-S37']},{'It automates a task': ['Zengyang-S37']},[],1,{'Free': ['Zengyang-S37']}
RMINER,https://github.com/tsantalis/RefactoringMiner,"['409', '248', '297', '387', '269', '427', '375']","{'Proof-of-concept': ['409', '248', '297', '387', '269', '427', '375']}","{'Library': ['409'], 'Tool': ['248', '269', '427', '375'], 'Approach (e.g., integration of different tools)': ['297', '387']}","{'Academic Studies': ['409', '248', '297', '387', '269', '427', '375']}","{'Source Code': ['409', '248', '297', '427'], 'Source Code\r\nGit Metadata\r\nCode Comments': ['387'], 'Source code': ['269'], 'Docker-Files': ['375']}","{'It automates a task': ['409', '248', '427', '375'], 'It automates a process': ['297', '387', '269']}","['409', '297', '387']",7,"{'Open Source': ['409', '248', '297', '427', '375'], 'Free': ['387', '269']}"
SARIF,https://www.oasis-open.org/committees/tc_home.php?wg_abbrev=SARIF,['204'],{'Runnig Examples': ['204']},{'Tool': ['204']},{'Examples': ['204']},{'Source Code': ['204']},"{'It automates a task (e.g., static code analysis)': ['204']}",[],1,{'Free': ['204']}
SATD DETECTOR,"https://github.com/Tbabm/SATDDetector-Core
https://drive.google.com/drive/folders/1k2o4BsNt9O2v7c4P7ktlDbBmFiYEY--K","['163', '432']","{'Proof-of-concept': ['163', '432']}","{'Tool': ['163'], 'Approach (e.g., integration of different tools)': ['432']}","{'Examples': ['163'], 'Academic Studies': ['432']}","{'Code Comments': ['163'], 'Source Code\r\nCode Comments': ['432']}","{'It automates a task (e.g., static code analysis)': ['163'], 'It automates a process': ['432']}","['163', '432']",2,"{'Open Source': ['163', '432']}"
SATDBAILIFF,https://github.com/smilevo/SATDBailiff,['448'],{'Proof-of-concept': ['448']},{'Tool': ['448']},{'Examples': ['448']},{'Code Comments': ['448']},{'It automates a task': ['448']},['448'],1,{'Open Source': ['448']}
SCC,https://github.com/boyter/scc,['297'],{'Proof-of-concept': ['297']},"{'Approach (e.g., integration of different tools)': ['297']}",{'Academic Studies': ['297']},{'Source Code': ['297']},{'It automates a process': ['297']},['297'],1,{'Open Source': ['297']}
SCIKIT-LEARN,https://scikit-learn.org/stable/,"['300', '212', '383', '387', '392']","{'Runnig Examples': ['300'], 'Proof-of-concept': ['212', '383', '387', '392']}","{'Tool': ['300'], 'Approach (e.g., integration of different tools)': ['212', '383', '387', '392']}","{'Examples': ['300'], 'Academic Studies': ['212', '383', '387', '392']}","{'Code Comments': ['300', '212'], 'An existing dataset with TD Values.': ['383'], 'Source Code\r\nGit Metadata\r\nCode Comments': ['387'], 'Source Code\r\nGithub Metadata': ['392']}","{'It automates a task (e.g., static code analysis)': ['300'], 'It automates a task': ['212', '383'], 'It automates a process': ['387', '392']}",['387'],5,"{'Free': ['300', '212', '387'], 'Open Source': ['383', '392']}"
SDK4ED,https://sdk4ed.eu/,"['447', '426']","{'Proof-of-concept': ['447', '426']}","{'Approach (e.g., integration of different tools)': ['447', '426']}","{'Academic Studies': ['447', '426']}","{'Source Code': ['447', '426']}","{'It automates a process': ['447', '426']}",['447'],2,"{'Free': ['447', '426']}"
SEARCH-BASED SELF-ADAPTIVE SOFTWARE ENGINE (SSASE),https://github.com/taochen/ssase,['152'],{'Proof-of-concept': ['152']},{'Framework': ['152']},{'Academic Studies': ['152']},"{'Computational Data (e.g., CPU Usage, Memory Usage)': ['152']}",{'It automates a task': ['152']},['152'],1,{'Open Source': ['152']}
SECURIFY,https://github.com/eth-sri/securify2,['368'],{'Proof-of-concept': ['368']},{'Tool': ['368']},{'Academic Studies': ['368']},{'Source Code': ['368']},{'It automates a task': ['368']},[],1,{'Open Source': ['368']}
SEN4SMELLS,https://github.com/tommantonela/Sen4Smells,['263'],{'Proof-of-concept': ['263']},{'Tool': ['263']},{'Examples': ['263']},{'Source Code': ['263']},"{'It automates a process (e.g., calculate the TD interest)': ['263']}",[],1,{'Open Source': ['263']}
SFUZZ,https://contract.guardstrike.com/#/scan,['368'],{'Proof-of-concept': ['368']},{'Tool': ['368']},{'Academic Studies': ['368']},{'Source Code': ['368']},{'It automates a task': ['368']},[],1,{'Open Source': ['368']}
SHELL CHECKER,https://github.com/koalaman/shellcheck,['375'],{'Proof-of-concept': ['375']},{'Tool': ['375']},{'Academic Studies': ['375']},{'Docker-Files': ['375']},{'It automates a task': ['375']},[],1,{'Open Source': ['375']}
SIGRID,https://www.softwareimprovementgroup.com/solutions/sigrid-software-assurance-platform/,['332'],{'Demonstration in real environment': ['332']},{'Tool': ['332']},{'Industrial Studies': ['332']},{'Source Code': ['332']},{'It automates a task': ['332']},['332'],1,{'Free': ['332']}
SIKULI,http://sikulix.com//,['264'],{'Runnig Examples': ['264']},{'Tool': ['264']},{'Examples': ['264']},{'Source Code\r\nGUI': ['264']},{'It automates a task': ['264']},[],1,{'Free': ['264']}
SIMIAN,www.harukizaemon.com/simian/,['67'],{'Runnig Examples': ['67']},{'Tool': ['67']},{'Examples': ['67']},"{'Source Code\r\nExecutition Data (E.g., memory usage)': ['67']}",{'It automates a task': ['67']},[],1,{'Free': ['67']}
SKULD,https://www.skuld.ai/,['309'],{'Proof-of-concept': ['309']},{'Tool': ['309']},{'Examples': ['309']},{'Source Code': ['309']},"{'It automates a process (e.g., calculate the TD interest)': ['309']}",['309'],1,{'Free': ['309']}
SLITHER,https://github.com/crytic/slither,['368'],{'Proof-of-concept': ['368']},{'Tool': ['368']},{'Academic Studies': ['368']},{'Source Code': ['368']},{'It automates a task': ['368']},[],1,{'Open Source': ['368']}
SMARTCHECK,https://github.com/smartdec/smartcheck,['368'],{'Proof-of-concept': ['368']},{'Tool': ['368']},{'Academic Studies': ['368']},{'Source Code': ['368']},{'It automates a task': ['368']},[],1,{'Open Source': ['368']}
SOFTWARE ARCHINAUT,http://software-archinaut.com/,['297'],{'Proof-of-concept': ['297']},"{'Approach (e.g., integration of different tools)': ['297']}",{'Academic Studies': ['297']},{'Source Code': ['297']},{'It automates a process': ['297']},['297'],1,{'Open Source': ['297']}
SOLHINT,https://github.com/protofire/solhint,['368'],{'Proof-of-concept': ['368']},{'Tool': ['368']},{'Academic Studies': ['368']},{'Source Code': ['368']},{'It automates a task': ['368']},[],1,{'Open Source': ['368']}
SONAR,http://sonar,['Zengyang-S58'],{'Proof-of-concept': ['Zengyang-S58']},{'Tool': ['Zengyang-S58']},{'Academic Studies': ['Zengyang-S58']},{'Source Code': ['Zengyang-S58']},{'It automates a task': ['Zengyang-S58']},[],1,{'Free': ['Zengyang-S58']}
SONAR TD PLUGIN,http://msdn.microsoft.com/en-us/library/bb429476.aspx,['Zengyang-S83'],{'Demonstration in real environment': ['Zengyang-S83']},{'Tool': ['Zengyang-S83']},{'Industrial Studies': ['Zengyang-S83']},{'Source Code': ['Zengyang-S83']},{'It automates a process': ['Zengyang-S83']},[],1,{'Free': ['Zengyang-S83']}
SONAR-ISSUES-MINER,https://github.com/dvmarcilio/sonar-issues-miner,['196'],{'Proof-of-concept': ['196']},{'Tool': ['196']},{'Examples': ['196']},{'Source Code': ['196']},{'It automates a task': ['196']},['196'],1,{'Open Source': ['196']}
SONARCLOUD,https://sonarcloud.io/,['355'],{'Proof-of-concept': ['355']},{'Tool': ['355']},{'Academic Studies': ['355']},{'Source Code': ['355']},{'It automates a task': ['355']},[],1,{'Commercial/Private': ['355']}
SONARGRAPH,https://www.hello2morrow.com/products/sonargraph,"['88', '249', '82', '184', '348', '349']","{'Proof-of-concept': ['88', '249', '82', '184', '349'], None: ['348']}","{'Tool': ['88', '249', '82', '184', '349'], None: ['348']}","{'Expert Opinion': ['88', '82'], 'Examples': ['249'], 'Academic Studies': ['184', '349'], None: ['348']}","{'Source Code': ['88', '249', '82', '184', '349'], None: ['348']}","{'It automates a task (e.g., static code analysis)': ['88', '249'], 'It automates a task': ['82', '184', '349'], None: ['348']}",[],6,"{'SonarQube is open source, other commercial.': ['88'], 'Free': ['249', '82', '184'], None: ['348'], 'Various': ['349']}"
SONARGRAPH-QUALITY,https://www.hello2morrow.com/products/sonargraph,['76'],{'Proof-of-concept': ['76']},{'Tool': ['76']},{'Expert Opinion': ['76']},{'Source Code': ['76']},"{'It automates a task (e.g., static code analysis)': ['76']}",[],1,"{'SonarQube  (Open Source), Other (Commercial)': ['76']}"
SONARLINT,https://www.sonarsource.com/products/sonarlint/,['281'],{'Proof-of-concept': ['281']},{'Plugin': ['281']},{'Academic Studies': ['281']},{'Source Code': ['281']},{'It automates a task': ['281']},[],1,{'Free': ['281']}
SONARQUBE,https://www.sonarqube.org/,"['16', '76', '88', '109', '116', '223', '232', '292', '295', '338', '115', '196', '202', '132', '228', '264', '268', '433', '429', '248', '287', '289', '297', '184', '307', '310', '383', '392', '398', '334', '340', '348', '432', '137', '308', '351', '235', '299', '369', '402', '124', '311', '281', '286', '229', '131', '427', '214', '218', '244', '293', '302', '314', '316', '318', '327', '329', '330', '332', '395', '410', '424', '436', '437', '57', '4', '27', 'Zengyang-S22']","{'Proof-of-concept': ['16', '76', '88', '109', '116', '232', '115', '196', '202', '132', '429', '248', '287', '289', '297', '184', '307', '310', '383', '392', '398', '432', '351', '235', '299', '402', '124', '311', '281', '286', '229', '131', '427', '214', '218', '244', '293', '302', '314', '316', '318', '327', '329', '330', '395', '410', '424', '437'], 'Demonstration in real environment': ['223', '137', '308', '369', '332', 'Zengyang-S22'], 'Runnig Examples': ['292', '295', '338', '228', '264', '436', '27'], None: ['268', '433', '334', '340', '348'], 'Demonstration and test in real environment': ['57'], 'Successfully proof in a real environment': ['4']}","{'Tool': ['16', '76', '88', '109', '116', '232', '292', '295', '338', '196', '202', '132', '264', '268', '429', '248', '287', '289', '184', '307', '310', '137', '308', '351', '235', '369', '402', '124', '311', '286', '131', '427', '214', '218', '244', '302', '314', '318', '327', '329', '330', '332', '410', '424', '57', '4', 'Zengyang-S22'], 'Approach (e.g., integration of different tools)': ['223', '433', '297', '383', '392', '398', '432', '299'], 'Plugin': ['115', '281', '229', '27'], 'Bot': ['228'], None: ['334', '340', '348'], 'Script': ['293', '316', '395', '436', '437']}","{'Examples': ['16', '109', '116', '292', '295', '338', '115', '196', '202', '132', '228', '264', '268'], 'Expert Opinion': ['76', '88'], 'Industrial Applications': ['223', '4'], 'Academic Studies': ['232', '429', '248', '287', '289', '297', '184', '307', '310', '383', '392', '398', '432', '351', '235', '299', '402', '124', '311', '281', '286', '229', '131', '427', '214', '218', '244', '293', '302', '314', '316', '318', '327', '329', '330', '395', '410', '424', '436', '437', '27'], None: ['433', '334', '340', '348'], 'Industrial Studies': ['137', '308', '369', '332', '57', 'Zengyang-S22']}","{'Source Code': ['16', '76', '88', '109', '116', '223', '232', '292', '295', '338', '196', '202', '132', '228', '433', '429', '248', '289', '297', '184', '398', '137', '308', '351', '235', '369', '402', '124', '311', '281', '286', '229', '131', '427', '214', '218', '244', '293', '302', '314', '316', '318', '327', '330', '332', '410', '424', '436', '437', '57', '4', 'Zengyang-S22'], 'EMF Refactor - UML Diagrams\r\nSonarQube - Source Code': ['115'], 'Source Code\r\nGUI': ['264'], None: ['268', '334', '340', '348'], 'Source Code\r\nCode Comments': ['287', '432'], 'Source code': ['307', '310'], 'An existing dataset with TD Values.': ['383'], 'Source Code\r\nGithub Metadata': ['392'], 'Data generated by other tools (e.g., Sonarqub)': ['299'], 'Souce Code\r\nMDD Models': ['329'], 'Source Code\r\nIssues\r\nCommits': ['395'], 'XML Models ': ['27']}","{'It automates a task (e.g., static code analysis)': ['16', '76', '88', '109', '116', '223', '292', '295', '338'], 'It automates a process (e.g., calculate the TD interest)': ['232'], 'It automates a process': ['115', '132', '228', '433', '429', '289', '297', '310', '392', '432', '235', '299', '369', '402', '124', '218', '302', '314', '318', '327', '330', '410', '57', 'Zengyang-S22'], 'It automates a task': ['196', '202', '264', '268', '248', '287', '184', '307', '383', '398', '137', '308', '351', '311', '281', '286', '229', '131', '427', '214', '244', '293', '316', '329', '332', '395', '424', '436', '437', '4', '27'], None: ['334', '340', '348']}","['223', '196', '132', '228', '433', '287', '297', '432', '299', '229', '293', '316', '332', '395', '436', '437', '27']",68,"{'Open Source': ['16', '109', '116', '223', '232', '292', '295', '338', '115', '196', '202', '228', '433', '248', '287', '297', '310', '383', '392', '432', '299', '229', '427', '293', '314', '316', '329', '395', '436', '437'], 'SonarQube  (Open Source), Other (Commercial)': ['76'], 'SonarQube is open source, other commercial.': ['88'], 'Free': ['132', '264', '268', '429', '289', '184', '307', '398', '137', '308', '351', '235', '369', '402', '124', '311', '281', '286', '131', '214', '218', '244', '302', '318', '327', '330', '332', '410', '424', '57', '4', '27', 'Zengyang-S22'], None: ['334', '340', '348']}"
SOURCE MONITOR,https://www.campwoodsw.com/sourcemonitor.html/,['67'],{'Runnig Examples': ['67']},{'Tool': ['67']},{'Examples': ['67']},"{'Source Code\r\nExecutition Data (E.g., memory usage)': ['67']}",{'It automates a task': ['67']},[],1,{'Free': ['67']}
SPACY,https://spacy.io/,['319'],{'Proof-of-concept': ['319']},"{'Approach (e.g., integration of different tools)': ['319']}",{'Academic Studies': ['319']},{'Code Comments': ['319']},{'It automates a task': ['319']},['319'],1,{'Open Source': ['319']}
SQALE PLUGIN OF THE SONAR,https://www.sonarplugins.com/sqale,['Zengyang-S50'],{'Proof-of-concept': ['Zengyang-S50']},{'Plugin': ['Zengyang-S50']},{'Academic Studies': ['Zengyang-S50']},{'Source Code': ['Zengyang-S50']},{'It automates a task': ['Zengyang-S50']},[],1,{'Free': ['Zengyang-S50']}
SQUORE,https://www.squoring.com/en/produits/squore-software-analytics/,"['289', '334', '348', '327']","{'Proof-of-concept': ['289', '327'], None: ['334', '348']}","{'Tool': ['289', '327'], None: ['334', '348']}","{'Academic Studies': ['289', '327'], None: ['334', '348']}","{'Source Code': ['289', '327'], None: ['334', '348']}","{'It automates a process': ['289', '327'], None: ['334', '348']}",[],4,"{'Free': ['289', '327'], None: ['334', '348']}"
STAN,https://stan4j.com/,"['184', 'Zengyang-S37']","{'Proof-of-concept': ['184', 'Zengyang-S37']}","{'Tool': ['184', 'Zengyang-S37']}","{'Academic Studies': ['184', 'Zengyang-S37']}","{'Source Code': ['184', 'Zengyang-S37']}","{'It automates a task': ['184', 'Zengyang-S37']}",[],2,"{'Free': ['184', 'Zengyang-S37']}"
STRUCTURE 101,https://structure101.com/,"['297', '349']","{'Proof-of-concept': ['297', '349']}","{'Approach (e.g., integration of different tools)': ['297'], 'Tool': ['349']}","{'Academic Studies': ['297', '349']}","{'Source Code': ['297', '349']}","{'It automates a process': ['297'], 'It automates a task': ['349']}",['297'],2,"{'Open Source': ['297'], 'Various': ['349']}"
STRUCTURE101,https://structure101.com/,"['88', '82', '184', '340', '332']","{'Proof-of-concept': ['88', '82', '184'], None: ['340'], 'Demonstration in real environment': ['332']}","{'Tool': ['88', '82', '184', '332'], None: ['340']}","{'Expert Opinion': ['88', '82'], 'Academic Studies': ['184'], None: ['340'], 'Industrial Studies': ['332']}","{'Source Code': ['88', '82', '184', '332'], None: ['340']}","{'It automates a task (e.g., static code analysis)': ['88'], 'It automates a task': ['82', '184', '332'], None: ['340']}",['332'],5,"{'SonarQube is open source, other commercial.': ['88'], 'Free': ['82', '184', '332'], None: ['340']}"
SUCCINCT CODE COUNTER,https://github.com/boyter/scc,['340'],{None: ['340']},{None: ['340']},{None: ['340']},{None: ['340']},{None: ['340']},['297'],1,{None: ['340']}
SYMFONYINSIGHT,https://insight.symfony.com/,['348'],{None: ['348']},{None: ['348']},{None: ['348']},{None: ['348']},{None: ['348']},[],1,{None: ['348']}
TD BENCHMARKER,https://github.com/theoam/TDBenchmarker,['387'],{'Proof-of-concept': ['387']},"{'Approach (e.g., integration of different tools)': ['387']}",{'Academic Studies': ['387']},{'Source Code\r\nGit Metadata\r\nCode Comments': ['387']},{'It automates a process': ['387']},['387'],1,{'Free': ['387']}
TD-TRACKER,http://www2.fct.unesp.br/grupos/,['334'],{None: ['334']},{None: ['334']},{None: ['334']},{None: ['334']},{None: ['334']},[],1,{None: ['334']}
TEAMSCALE,"www.teamscale.io
https://www.cqse.eu/en/products/teamscale/landing/","['224', '303', '332']","{'Demonstration in real environment': ['224', '303', '332']}","{'Tool': ['224', '303', '332']}","{'Industrial Studies': ['224', '332'], 'Industrial Applications': ['303']}","{'Source Code': ['224', '303', '332']}","{'It automates a task (e.g., static code analysis)': ['224'], 'It automates a task': ['303', '332']}",['332'],3,"{'Free': ['224', '332'], 'Commercial with free trial': ['303']}"
TECHNICAL DEBT FORECASTING,https://sites.google.com/view/technical-debt-forecasting/main?authuser=0,['332'],{'Demonstration in real environment': ['332']},{'Tool': ['332']},{'Industrial Studies': ['332']},{'Source Code': ['332']},{'It automates a task': ['332']},['332'],1,{'Free': ['332']}
TEDMA,Not Accessible,['334'],{None: ['334']},{None: ['334']},{None: ['334']},{None: ['334']},{None: ['334']},[],1,{None: ['334']}
TENSORFLOW,https://www.tensorflow.org,['407'],{'Proof-of-concept': ['407']},"{'Approach (e.g., integration of different tools)': ['407']}",{'Academic Studies': ['407']},{'Source Code': ['407']},{'It automates a task': ['407']},['407'],1,{'Open Source': ['407']}
TETRA,Not Accessible,"['223', '431']","{'Demonstration in real environment': ['223', '431']}","{'Approach (e.g., integration of different tools)': ['223', '431']}","{'Industrial Applications': ['223', '431']}","{'Source Code': ['223', '431']}","{'It automates a task (e.g., static code analysis)': ['223'], 'It automates a process': ['431']}",['223'],2,"{'Open Source': ['223'], 'Commercial/Private': ['431']}"
TODO,https://todo.jasonet.co/,['413'],{'Proof-of-concept': ['413']},{'Bot': ['413']},{'Academic Studies': ['413']},{'Source Code\r\nCode Comments': ['413']},{'It automates a process': ['413']},[],1,{'Open Source': ['413']}
TOGETHER,https://www.microfocus.com/en-us/products/together/overview,"['278', '422']","{'Runnig Examples': ['278'], 'Proof-of-concept': ['422']}","{'Tool': ['278', '422']}","{'Examples': ['278'], 'Academic Studies': ['422']}","{'Source code': ['278'], 'Source Code': ['422']}","{'It automates a task': ['278', '422']}",[],2,"{'Open Source': ['278'], 'Free': ['422']}"
UNDERSTAND,www.scitools.com,"['136', '178', '216', '297', '206', '272', '351', '303', '59', 'Zengyang-S58']","{'Proof-of-concept': ['136', '216', '297', '206', '272', '351', '59', 'Zengyang-S58'], 'Demonstration in real environment': ['178', '303']}","{'Plugin': ['136'], 'Tool': ['178', '216', '206', '272', '351', '303', '59', 'Zengyang-S58'], 'Approach (e.g., integration of different tools)': ['297']}","{'Examples': ['136'], 'Industrial Studies': ['178'], 'Academic Studies': ['216', '297', '206', '272', '351', '59', 'Zengyang-S58'], 'Industrial Applications': ['303']}","{'Source Code': ['136', '216', '297', '206', '272', '351', '303', '59', 'Zengyang-S58'], 'Dependency Graph\r\nRevision History\r\nBug Reports': ['178']}","{'It automates a task': ['136', '216', '206', '351', '303', '59', 'Zengyang-S58'], 'It automates a process': ['178', '297', '272']}","['136', '297']",10,"{'Open Source': ['136', '297'], 'Free': ['178', '216', '206', '272', '351', '59', 'Zengyang-S58'], 'Commercial with free trial': ['303']}"
VISMINERTD,https://visminer.github.io,"['246', '334']","{'Proof-of-concept': ['246'], None: ['334']}","{'Tool': ['246'], None: ['334']}","{'Academic Studies': ['246'], None: ['334']}","{'Source Code\r\nCode Comments': ['246'], None: ['334']}","{'It automates a process': ['246'], None: ['334']}",['246'],2,"{'Open Source': ['246'], None: ['334']}"
VISUAL PARADIGM,https://www.visual-paradigm.com/,['351'],{'Proof-of-concept': ['351']},{'Tool': ['351']},{'Academic Studies': ['351']},{'Source Code': ['351']},{'It automates a task': ['351']},[],1,{'Free': ['351']}
VIZZMAINTAINANCE ECLIPSE PLUGIN.,http://www.arisa.se/products.php?lang=en,['253'],{'Proof-of-concept': ['253']},{'Plugin': ['253']},{'Academic Studies': ['253']},{'Source Code': ['253']},{'It automates a task': ['253']},[],1,{'Free': ['253']}
WORD2VEC,https://www.tensorflow.org/tutorials/text/word2vec,"['182', '212', '301']","{'Runnig Examples': ['182'], 'Proof-of-concept': ['212', '301']}","{'Approach (e.g., integration of different tools)': ['182', '212', '301']}","{'Examples': ['182'], 'Academic Studies': ['212', '301']}","{'Code Comments': ['182', '212', '301']}","{'It automates a task (e.g., static code analysis)': ['182'], 'It automates a task': ['212', '301']}",[],3,"{'Open Source': ['182', '301'], 'Free': ['212']}"
